Modelo,F1-Score,F1-Std,Precision,Recall,Accuracy,ROC-AUC
Random Forest,0.6773433780592717,0.0037582314006506423,0.7109790362766979,0.646772087625127,0.6834900954074606,0.7523882336821919
Extra Trees,0.6410344058168794,0.0032332448579620253,0.6802208738523681,0.6061511678514435,0.6513062877169704,0.7088366982430923
Logistic Regression,0.6409232919677166,0.004248948016437653,0.6531205859393872,0.6291890323516611,0.6378783924276842,0.6902327557471188
K-Nearest Neighbors,0.639457958564018,0.0032645253531433734,0.634177425019098,0.6448425939358771,0.6265145600506059,0.6735167355386876
Decision Tree,0.6223683238731625,0.004454716376419795,0.658564503199009,0.5899898447700564,0.6322821514657502,0.6838564714486093
