Modelo,F1-Score,F1-Std,Precision,Recall,Accuracy,ROC-AUC
Random Forest,0.674938071820338,0.005658512179069227,0.7098077992656111,0.643362831858407,0.6817016790355961,0.7517763268048234
Extra Trees,0.6428400880776414,0.003310105196487313,0.6781073309094271,0.6110692006383288,0.6512243304988754,0.707189427464575
Logistic Regression,0.641106071453526,0.003812646544654263,0.6527229862783217,0.6299144059190482,0.6377517052752992,0.6892851368548755
K-Nearest Neighbors,0.639830905470419,0.0034858557228747877,0.6345474463420147,0.6452197881909183,0.6269020458639248,0.673577099510884
Decision Tree,0.6223105875635851,0.00432298198332496,0.6590856621183538,0.5894675758015377,0.6325131583046203,0.6838989564278485
