{
  "timestamp": "2025-08-19T19:51:40.549405",
  "notebook": "04_modelos_base_tradicionales-winsorizing",
  "descripcion": "Evaluaci\u00f3n de modelos tradicionales de ML",
  "configuracion": {
    "cv_folds": 5,
    "random_state": 42,
    "scoring_principal": "f1",
    "datos": {
      "n_samples": 134198,
      "n_features": 57,
      "clase_positiva_prop": 0.5136440185397696
    }
  },
  "resultados_por_modelo": {
    "Random Forest": {
      "f1": {
        "mean": 0.6773433780592717,
        "std": 0.0037582314006506423,
        "scores": [
          0.6729641197531805,
          0.6806223265321574,
          0.6758015064915401,
          0.6744916890689485,
          0.6828372484505318
        ]
      },
      "precision": {
        "mean": 0.7109790362766979,
        "std": 0.0061233498110826266,
        "scores": [
          0.7085338466474174,
          0.7117409547937614,
          0.7066413361830127,
          0.7055049504950495,
          0.7224740932642487
        ]
      },
      "recall": {
        "mean": 0.646772087625127,
        "std": 0.0036218157181816192,
        "scores": [
          0.6407950094298563,
          0.6521108370810967,
          0.6475409836065574,
          0.646090236471783,
          0.6473233715363412
        ]
      },
      "accuracy": {
        "mean": 0.6834900954074606,
        "std": 0.004374037556490675,
        "scores": [
          0.6801043219076006,
          0.6856557377049181,
          0.680886736214605,
          0.6796825515108611,
          0.6911211296993182
        ]
      },
      "roc_auc": {
        "mean": 0.7523882336821919,
        "std": 0.0040035079617172864,
        "scores": [
          0.749930985600529,
          0.7549631355306555,
          0.7501667736852918,
          0.7479481286267775,
          0.7589321449677051
        ]
      },
      "modelo": "Random Forest",
      "parametros": {
        "bootstrap": true,
        "ccp_alpha": 0.0,
        "class_weight": "balanced",
        "criterion": "gini",
        "max_depth": 15,
        "max_features": "sqrt",
        "max_leaf_nodes": null,
        "max_samples": null,
        "min_impurity_decrease": 0.0,
        "min_samples_leaf": 2,
        "min_samples_split": 5,
        "min_weight_fraction_leaf": 0.0,
        "monotonic_cst": null,
        "n_estimators": 100,
        "n_jobs": -1,
        "oob_score": false,
        "random_state": 42,
        "verbose": 0,
        "warm_start": false
      },
      "timestamp": "2025-08-19T19:39:51.340379"
    },
    "Decision Tree": {
      "f1": {
        "mean": 0.6223683238731625,
        "std": 0.004454716376419795,
        "scores": [
          0.6186697335633505,
          0.6290365524323913,
          0.6224913363037434,
          0.6165628747147333,
          0.6250811223515939
        ]
      },
      "precision": {
        "mean": 0.658564503199009,
        "std": 0.0024297459132849083,
        "scores": [
          0.6560695991544028,
          0.6612554978008797,
          0.6552553515593682,
          0.6604789922930305,
          0.659763075187364
        ]
      },
      "recall": {
        "mean": 0.5899898447700564,
        "std": 0.0075155982970931704,
        "scores": [
          0.5853039315247353,
          0.5998114028724794,
          0.5928478166255622,
          0.5781227332076019,
          0.5938633396199042
        ]
      },
      "accuracy": {
        "mean": 0.6322821514657502,
        "std": 0.002671785988759792,
        "scores": [
          0.6293964232488822,
          0.6366244411326378,
          0.6306631892697466,
          0.6306494280710906,
          0.6340772756063937
        ]
      },
      "roc_auc": {
        "mean": 0.6838564714486093,
        "std": 0.0021254158728241006,
        "scores": [
          0.6819665079676291,
          0.6873982079283164,
          0.6816646644340971,
          0.6832543452477429,
          0.684998631665261
        ]
      },
      "modelo": "Decision Tree",
      "parametros": {
        "ccp_alpha": 0.0,
        "class_weight": "balanced",
        "criterion": "gini",
        "max_depth": 10,
        "max_features": null,
        "max_leaf_nodes": null,
        "min_impurity_decrease": 0.0,
        "min_samples_leaf": 5,
        "min_samples_split": 10,
        "min_weight_fraction_leaf": 0.0,
        "monotonic_cst": null,
        "random_state": 42,
        "splitter": "best"
      },
      "timestamp": "2025-08-19T19:40:16.395278"
    },
    "Extra Trees": {
      "f1": {
        "mean": 0.6410344058168794,
        "std": 0.0032332448579620253,
        "scores": [
          0.6376678174146528,
          0.6440795027242728,
          0.6430934185011977,
          0.6365660754050526,
          0.643765215039221
        ]
      },
      "precision": {
        "mean": 0.6802208738523681,
        "std": 0.005199429515828457,
        "scores": [
          0.6766525561706285,
          0.6836917562724014,
          0.6757491010787056,
          0.6761827079934747,
          0.6888282477466303
        ]
      },
      "recall": {
        "mean": 0.6061511678514435,
        "std": 0.004416709053650904,
        "scores": [
          0.6029305092122443,
          0.6088060351080806,
          0.6134484259393588,
          0.6013346873639924,
          0.6042361816335413
        ]
      },
      "accuracy": {
        "mean": 0.6513062877169704,
        "std": 0.003584137726786387,
        "scores": [
          0.6480625931445604,
          0.6543964232488823,
          0.6502608047690015,
          0.6473042959871829,
          0.6565073214352248
        ]
      },
      "roc_auc": {
        "mean": 0.7088366982430923,
        "std": 0.003206078921265168,
        "scores": [
          0.706036066058316,
          0.7128145303472317,
          0.7074405702114159,
          0.7053576470684211,
          0.7125346775300764
        ]
      },
      "modelo": "Extra Trees",
      "parametros": {
        "bootstrap": false,
        "ccp_alpha": 0.0,
        "class_weight": "balanced",
        "criterion": "gini",
        "max_depth": 12,
        "max_features": "sqrt",
        "max_leaf_nodes": null,
        "max_samples": null,
        "min_impurity_decrease": 0.0,
        "min_samples_leaf": 1,
        "min_samples_split": 8,
        "min_weight_fraction_leaf": 0.0,
        "monotonic_cst": null,
        "n_estimators": 100,
        "n_jobs": -1,
        "oob_score": false,
        "random_state": 42,
        "verbose": 0,
        "warm_start": false
      },
      "timestamp": "2025-08-19T19:41:44.834665"
    },
    "Logistic Regression": {
      "f1": {
        "mean": 0.6409232919677166,
        "std": 0.004248948016437653,
        "scores": [
          0.6352732119058196,
          0.646020303074886,
          0.6385457763356809,
          0.6390405904059041,
          0.645736578116292
        ]
      },
      "precision": {
        "mean": 0.6531205859393872,
        "std": 0.004955670735046489,
        "scores": [
          0.6487222138212612,
          0.655275332039994,
          0.6493438320209973,
          0.6503680336487907,
          0.6618935181658923
        ]
      },
      "recall": {
        "mean": 0.6291890323516611,
        "std": 0.0047239588103350555,
        "scores": [
          0.6223705208182214,
          0.6370230668794429,
          0.6281009720005803,
          0.6281009720005803,
          0.6303496300594806
        ]
      },
      "accuracy": {
        "mean": 0.6378783924276842,
        "std": 0.004455694721397645,
        "scores": [
          0.6329359165424739,
          0.6414307004470939,
          0.6347615499254844,
          0.6355303848876634,
          0.6447334103357055
        ]
      },
      "roc_auc": {
        "mean": 0.6902327557471188,
        "std": 0.004570835694030648,
        "scores": [
          0.6862246158426255,
          0.6939929199894619,
          0.6866966032090562,
          0.6869001434842598,
          0.6973494962101912
        ]
      },